Handle,Title,Body (HTML),Vendor,Type,Tags,Published,custom.application,custom.seo_title,custom.target_industry,custom.scene_image,custom.material_spec,custom.trust_badge,custom.pain_point,custom.faq
beaded-lace-wedding-ml001,"Beaded Lace ML-001 | Wedding Dress Fabric","<p>Premium hand-sewn beaded lace fabric, perfect for creating stunning wedding dresses with timeless elegance. Our master craftsmen ensure every bead is securely attached with reinforced stitching.</p>",FOMINTE,Lace Fabric,"wedding lace, beaded fabric, bridal",TRUE,Wedding Dress,Premium Beaded Lace Fabric for Wedding Dress | B2B Wholesale Supplier,Bridal Fashion,https://cdn.example.com/scenes/wedding-beaded-lace.jpg,"100% Polyester Base || Hand-sewn Beads || Width: 130cm || Weight: 280gsm || Available in White/Ivory/Champagne","Oeko-Tex Standard 100||ISO 9001 Certified||BSCI Audited||30+ Years Export Experience","‚ú® Hand-sewn beading with <0.1% bead loss rate||üé® Custom Pantone color matching within 7 days||‚ö° 50-yard MOQ for stock colors||üåç Trusted by 500+ bridal designers worldwide","Q: What is the minimum order quantity? A: Our MOQ is 50 yards for stock items, 100 yards for custom colors.||Q: Can you match a specific color? A: Yes! Send us your Pantone code, sample arrives in 7 days.||Q: How do you ensure bead quality? A: All beads are hand-sewn with reinforced stitching and pull-tested."
sequin-evening-sq002,"Sequin Lace SQ-002 | Evening Gown Fabric","<p>Luxury sequin lace fabric featuring high-shine sequins on premium nylon mesh. Ideal for evening gowns and formal wear that demand attention and glamour.</p>",FOMINTE,Lace Fabric,"sequin fabric, evening gown, formal wear",TRUE,Evening Gown,Wholesale Sequin Lace Fabric for Evening Gown | Custom Embroidery OEM/ODM,Formal Wear,https://cdn.example.com/scenes/evening-sequin.jpg,"Nylon Mesh Base || High-shine Sequins || Width: 135cm || Weight: 320gsm || Heat-sealed Technology","OEKO-TEX Certified||SGS Tested||15+ Years Export Experience||Factory Direct Price","‚ú® Heat-sealed sequins reduce 30% production waste||üé® 30+ stock colors including rose gold & champagne||‚ö° Washable up to 5 gentle cycles||üåç Used by designers across Europe & Middle East","Q: Are the sequins washable? A: Yes, tested for up to 5 gentle wash cycles without color loss.||Q: What colors are available? A: 30+ colors including champagne, rose gold, navy, classic silver. Custom colors in 15 days.||Q: Do you provide samples? A: Free swatches for stock items; $50 for custom design samples."
3d-floral-bridal-fl003,"3D Floral Lace FL-003 | Bridal Gown Fabric","<p>Exquisite 3D floral lace featuring handcrafted dimensional flower petals on organza base. Creates a romantic, garden-inspired look perfect for bridal gowns.</p>",FOMINTE,Lace Fabric,"3d lace, floral fabric, bridal gown",TRUE,Bridal Gown,3D Floral Lace Fabric for Bridal Gown | Handcrafted Appliques Supplier,Bridal & Wedding,https://cdn.example.com/scenes/bridal-3d-floral.jpg,"Organza Base || 3D Flower Petals || Width: 140cm || Weight: 260gsm || Exclusive Patterns Available","ISO 9001||NDA Protected Designs||Factory Direct||In-house Design Team","‚ú® Exclusive patterns not found elsewhere||üé® Custom 3D flower designs in 10-14 days||‚ö° NDA protection for orders above 500 yards||üåç Chosen by haute couture designers globally","Q: Can you create custom 3D flower designs? A: Yes! Design-to-sample takes 10-14 days based on your sketches.||Q: What is the lead time for bulk orders? A: 30-45 days standard, 15-20 day rush available.||Q: Do you offer design exclusivity? A: Yes, NDA-protected exclusive designs for orders above 500 yards."
french-couture-fc004,"French Lace FC-004 | Couture Gown Fabric","<p>Premium French-style lace combining traditional Leavers techniques with modern manufacturing. Perfect for haute couture gowns demanding European elegance at competitive pricing.</p>",FOMINTE,Lace Fabric,"french lace, couture fabric, luxury lace",TRUE,Couture Gown,Premium French Lace Fabric for Couture Gown | Luxury Bridal Textiles,Haute Couture,https://cdn.example.com/scenes/couture-french-lace.jpg,"Cotton-Nylon Blend || Corded Edges || Width: 120cm || Weight: 200gsm || Traditional Craftsmanship","European Quality Standards||20+ Years Expertise||Designer Trusted||Leavers Technique","‚ú® 40% cost savings vs European lace||üé® Traditional French techniques modernized||‚ö° Trusted by designers worldwide||üåç Confidential client list under NDA","Q: How does your lace compare to European lace? A: Same Leavers techniques, 40% cost savings, no quality compromise.||Q: Can you replicate a French lace pattern? A: We create similar-styled designs inspired by classic patterns while respecting IP.||Q: What bridal brands use your fabric? A: Designers across Europe, North America, and Middle East. Names confidential under NDA."
african-wedding-aw005,"African Lace AW-005 | Aso Ebi Wedding Fabric","<p>Bold and vibrant African lace fabric perfect for Aso Ebi and traditional wedding celebrations. Features authentic patterns with modern color options popular in Nigerian and Ghanaian weddings.</p>",FOMINTE,Lace Fabric,"african lace, aso ebi, nigerian wedding",TRUE,African Wedding,Premium African Lace Fabric for Wedding | Aso Ebi Wholesale Supplier,African Bridal Fashion,https://cdn.example.com/scenes/african-aso-ebi.jpg,"High-quality Cord Lace || Bold Traditional Patterns || Width: 130cm || Weight: 350gsm || Modern Color Options","Nigeria & Ghana Trusted Supplier||Bulk Discount Available||DHL Express Shipping||Customs Experience","‚ú® Authentic Aso Ebi patterns with modern twists||üé® Popular colors: coral, teal, gold, royal blue||‚ö° Custom color matching in 7 days||üåç DHL Express 5-7 days to Africa","Q: Do you ship to Africa? A: Yes! DHL Express 5-7 days or sea freight for bulk. Experienced with Nigerian customs.||Q: What are popular colors for Aso Ebi? A: Coral, teal, gold, and royal blue are bestsellers. Custom colors in 7 days.||Q: Can you add stones or beads to designs? A: Yes, we customize with rhinestones, pearls, or beads on any base lace."
chantilly-veil-cv006,"Chantilly Lace CV-006 | Bridal Veil Fabric","<p>Delicate Chantilly lace with fine floral patterns, ideal for creating romantic bridal veils and cathedral-length trains. Lightweight and beautifully transparent.</p>",FOMINTE,Lace Fabric,"chantilly lace, bridal veil, wedding",TRUE,Bridal Veil,Chantilly Lace Fabric for Bridal Veil | Delicate Wedding Veil Material,Bridal Accessories,https://cdn.example.com/scenes/bridal-veil-chantilly.jpg,"Nylon-Cotton Blend || Fine Floral Patterns || Width: 150cm || Weight: 80gsm || Soft Drape","Oeko-Tex Certified||Traditional Craftsmanship||Low MOQ Available||Factory Direct","‚ú® Lightweight & beautifully transparent||üé® Classic ivory and white stock options||‚ö° Soft drape perfect for cathedral veils||üåç Ideal for cathedral-length trains","Q: What length veils can this fabric create? A: Perfect for fingertip to cathedral-length veils up to 3+ meters.||Q: Is it easy to sew? A: Yes, soft drape and stable edges make it beginner-friendly.||Q: What is the transparency level? A: Elegantly sheer while still providing beautiful coverage."
stretch-mermaid-sm007,"Stretch Lace SM-007 | Mermaid Wedding Dress Fabric","<p>High-quality stretch lace with 4-way stretch for perfect body-hugging fit. Designed specifically for mermaid and fitted wedding dress silhouettes.</p>",FOMINTE,Lace Fabric,"stretch lace, mermaid dress, wedding",TRUE,Mermaid Wedding Dress,Stretch Lace for Mermaid Wedding Dress | 4-Way Stretch Bridal Fabric,Bridal Fashion,https://cdn.example.com/scenes/mermaid-stretch-lace.jpg,"Nylon-Spandex Blend || 4-Way Stretch || Width: 140cm || Weight: 200gsm || Recovery Rate 95%+","OEKO-TEX Standard 100||SGS Stretch Testing||ISO 9001||Pattern Consistency Guaranteed","‚ú® 4-way stretch for perfect body fit||üé® 95%+ recovery rate after stretching||‚ö° Consistent pattern across fabric width||üåç Ideal for mermaid & fitted silhouettes","Q: What is the stretch percentage? A: 30% stretch with 95% recovery, perfect for fitted designs.||Q: Will the pattern distort when stretched? A: No, our engineering ensures pattern consistency across all stretch directions.||Q: Is it suitable for long gowns? A: Absolutely perfect for mermaid, trumpet, and fitted silhouettes."
pearl-bridal-pb008,"Pearl Beaded Lace PB-008 | Luxury Bridal Fabric","<p>Exquisite pearl beaded lace featuring hand-sewn freshwater-style pearls on delicate mesh. Creates an opulent, vintage-inspired look for luxury bridal gowns.</p>",FOMINTE,Lace Fabric,"pearl lace, beaded bridal, luxury wedding",TRUE,Luxury Bridal,Pearl Beaded Lace for Bridal | Premium Hand-sewn Pearl Fabric Supplier,Luxury Bridal,https://cdn.example.com/scenes/pearl-beaded-bridal.jpg,"Polyester Mesh Base || Hand-sewn Pearl Beads || Width: 130cm || Weight: 300gsm || Vintage-inspired Patterns","Oeko-Tex Standard 100||Handcraft Quality||Luxury Material||ISO Certified","‚ú® Hand-sewn freshwater-style pearls||üé® Vintage-inspired opulent designs||‚ö° Perfect for luxury bridal gowns||üåç Chosen by high-end bridal boutiques","Q: Are these real pearls? A: We use premium freshwater-style pearl beads that look authentic but are more durable for production.||Q: How are the pearls attached? A: Each pearl is hand-sewn with reinforced stitching for durability.||Q: What bridal styles work best? A: Perfect for ball gowns, A-line, and vintage-inspired bridal designs."
embroidered-tulle-et009,"Embroidered Tulle ET-009 | Wedding Dress Overlay","<p>Dreamy embroidered tulle featuring delicate floral motifs scattered across soft Italian-style tulle. Perfect for wedding dress overlays and romantic bridal looks.</p>",FOMINTE,Tulle Fabric,"embroidered tulle, wedding overlay, bridal",TRUE,Wedding Dress Overlay,Embroidered Tulle for Wedding Dress | Romantic Bridal Overlay Fabric,Bridal Fashion,https://cdn.example.com/scenes/embroidered-tulle-wedding.jpg,"Soft Italian-style Tulle || Scattered Floral Motifs || Width: 280cm || Weight: 45gsm || Light & Airy","OEKO-TEX Certified||Extra Wide Width||Factory Direct||Low MOQ","‚ú® Extra wide 280cm for seamless overlays||üé® Delicate scattered floral motifs||‚ö° Italian-style soft hand feel||üåç Perfect for romantic bridal aesthetics","Q: Why is the width so important? A: 280cm allows seamless overlay creation without visible seams.||Q: How sheer is this tulle? A: Very soft and light for dreamy romantic effect while providing coverage.||Q: Can I use this for veils too? A: Yes, perfect for cathedral veils and romantic overlays."
heavy-formal-hf010,"Heavy Beaded Lace HF-010 | Formal Gala Dress Fabric","<p>Luxurious heavy beaded lace with intricate hand-applied crystals and beads. Creates showstopping formal gowns perfect for galas, red carpet events, and special occasions.</p>",FOMINTE,Lace Fabric,"heavy beaded, formal dress, gala gown",TRUE,Formal Gala Dress,Heavy Beaded Fabric for Formal Dress | Luxury Gala Gown Material,Formal Wear & Events,https://cdn.example.com/scenes/formal-heavy-beaded.jpg,"Heavy Mesh Base || Hand-applied Crystals & Beads || Width: 125cm || Weight: 450gsm || Showstopping Designs","SGS Crystal Testing||Luxury Grade||Designer Trusted||Handcraft Excellence","‚ú® Hand-applied crystals & beads||üé® Showstopping intricate designs||‚ö° Perfect for red carpet moments||üåç Designer-trusted for galas worldwide","Q: How heavy is this fabric? A: 450gsm - structured enough for dramatic silhouettes yet wearable for events.||Q: Are the crystals durable? A: Yes, SGS tested for durability. Hand-applied for secure attachment.||Q: What events is this best for? A: Galas, award shows, red carpet events, and formal evening occasions."
