Handle,Title*,Product description html,Subtitle,Tags,Master image,SKU,SKU price,SKU compare at price,Vendor,Custom Product Type,Published,SEO title,SEO description,my_fields.key_info,my_fields.selling_points,my_fields.Craftsmanship_Quality,my_fields.OEM,my_fields.Our_Process
bandana-print-hooded-sherpa-fleece-jacket-fm0301000275,Bandana Print Hooded Sherpa Fleece Jacket,"<p><p><strong>Classic Bandana Style Meets Premium Comfort</strong></p></p>
<p>This striking hooded sherpa fleece jacket features the iconic bandana paisley pattern in a sophisticated navy and cream colorway. The oversized silhouette and functional hood create a contemporary streetwear look while the plush fleece ensures all-day warmth. Full-zip closure provides versatile styling options.</p>","Embrace classic Americana with this bandana print hooded sherpa fleece jacket. Featuring iconic paisley patterns in a sophisticated navy and cream colorway, this full-zip hooded jacket combines heritage streetwear aesthetics with premium fleece comfort. Perfect for collections targeting the streetwear and vintage fashion markets.","fleece, Sherpa Fleece Hoodie, Bandana Print, Paisley Pattern, Hooded Jacket, Streetwear, Winter Jacket, Men's Fleece",FM0301000275.webp,FM0301000275,0.00,0.00,fominte,Fleece Outerwear,Y,Bandana Print Hooded Sherpa Fleece Jacket,"Embrace classic Americana with this bandana print hooded sherpa fleece jacket. Featuring iconic paisley patterns in a sophisticated navy and cream colorway, this full-zip hooded jacket combines heritage streetwear aesthetics with premium fleece comfort. Perfect for collections targeting the streetwear and vintage fashion markets.","- **Minimum Order Quantity (MOQ):** 100 Pieces
- **Lead Time:** 15-25 Days
- **Sample Time:** 4-10 Days
- **SKU:** FM0301000275
- **Customization:** Colorways, Print Design, Sizing, Private Labeling","- **Iconic Bandana Paisley Pattern:** Classic Americana design in sophisticated navy and cream.
- **Premium High-Pile Sherpa Fleece:** Ultra-soft, luxurious fabric with exceptional warmth.
- **Functional Hooded Design:** Drawstring hood for added warmth and style.
- **Oversized Contemporary Fit:** Relaxed silhouette perfect for layering.","Every detail of this jacket reflects our commitment to quality. We use premium polyester fleece with crisp, detailed pattern printing. The fabric width ensures efficient cutting with minimal waste. All seams are reinforced for durability.",,
